"name","notch","supername","package","side"
"Start","Start","","","0"
"GuiConnectFailed","dw","GuiScreen","net/minecraft/src","0"
"ScreenShotHelper","fz","","net/minecraft/src","0"
"RenderCow","rf","RenderLiving","net/minecraft/src","0"
"MobSpawnerForest","nu","MobSpawnerBase","net/minecraft/src","0"
"Pathfinder","et","","net/minecraft/src","0"
"Tessellator","lj","","net/minecraft/src","0"
"TileEntitySign","uf","TileEntity","net/minecraft/src","0"
"RenderTNTPrimed","lv","Render","net/minecraft/src","0"
"NetworkWriterThread","th","","net/minecraft/src","0"
"ItemSaddle","op","Item","net/minecraft/src","0"
"SpawnerAnimals","bv","","net/minecraft/src","0"
"TileEntityChest","hx","TileEntity","net/minecraft/src","0"
"BlockFlower","sd","Block","net/minecraft/src","0"
"FontAllowedCharacters","em","","net/minecraft/src","0"
"XBlah","te","","net/minecraft/src","0"
"AchievementMap","a","","net/minecraft/src","0"
"MapGenCavesHell","mm","MapGenBase","net/minecraft/src","0"
"ShapedRecipes","he","","net/minecraft/src","0"
"BlockMinecartTrack","mg","Block","net/minecraft/src","0"
"RenderPainting","db","Render","net/minecraft/src","0"
"EntitySpider","bt","EntityMobs","net/minecraft/src","0"
"BlockStairs","pg","Block","net/minecraft/src","0"
"GameWindowListener","io","","net/minecraft/src","0"
"BlockLog","rl","Block","net/minecraft/src","0"
"TileEntityNote","py","TileEntity","net/minecraft/src","0"
"GuiGameOver","bp","GuiScreen","net/minecraft/src","0"
"GuiButton","ih","Gui","net/minecraft/src","0"
"Packet19","qd","Packet","net/minecraft/src","0"
"MinecraftImpl","ij","Minecraft","net/minecraft/src","0"
"WorldGenClay","kj","WorldGenerator","net/minecraft/src","0"
"RecipesTools","fs","","net/minecraft/src","0"
"TexturePackDefault","me","TexturePackBase","net/minecraft/src","0"
"EntityFX","tr","Entity","net/minecraft/src","0"
"InventoryPlayer","hh","","net/minecraft/src","0"
"McRegionChunkLoader","iy","","net/minecraft/src","0"
"WorldGenLightStone2","ou","WorldGenerator","net/minecraft/src","0"
"MapGenBase","es","","net/minecraft/src","0"
"NoiseGenerator2","bk","","net/minecraft/src","0"
"GuiSleepMP","fc","GuiChat","net/minecraft/src","0"
"ItemSpade","se","ItemTool","net/minecraft/src","0"
"WorldGenCactus","eu","WorldGenerator","net/minecraft/src","0"
"ItemHoe","iw","Item","net/minecraft/src","0"
"RenderSnowball","cl","Render","net/minecraft/src","0"
"BlockTorch","rp","Block","net/minecraft/src","0"
"RenderBoat","ed","Render","net/minecraft/src","0"
"EntityPortalFX","lw","EntityFX","net/minecraft/src","0"
"Packet34EntityTeleport","nz","Packet","net/minecraft/src","0"
"WorldProviderHell","sf","WorldProvider","net/minecraft/src","0"
"RenderManager","ps","","net/minecraft/src","0"
"SaveOldDir","kl","SaveHandler","net/minecraft/src","0"
"EntityArrow","oz","Entity","net/minecraft/src","0"
"WorldGenFlowers","aq","WorldGenerator","net/minecraft/src","0"
"RenderChicken","hb","RenderLiving","net/minecraft/src","0"
"Packet50PreChunk","ot","Packet","net/minecraft/src","0"
"MaterialLogic","af","Material","net/minecraft/src","0"
"GuiAchievement","rq","Gui","net/minecraft/src","0"
"SaveConverterMcRegion","fy","SaveFormatOld","net/minecraft/src","0"
"RenderEngine","ho","","net/minecraft/src","0"
"PanelCrashReport","bj","","net/minecraft/src","0"
"NetClientHandler","ko","NetHandler","net/minecraft/src","0"
"BlockPortal","ac","BlockBreakable","net/minecraft/src","0"
"MathHelper","gz","","net/minecraft/src","0"
"TextureFX","ai","","net/minecraft/src","0"
"GameSettings","is","","net/minecraft/src","0"
"BlockDirt","ly","Block","net/minecraft/src","0"
"XGuiUmmm","cz","Gui","net/minecraft/src","0"
"MouseHelper","sb","","net/minecraft/src","0"
"CanvasIsomPreview","ap","","net/minecraft/src","0"
"RenderSlime","kd","RenderLiving","net/minecraft/src","0"
"IInvBasic","gk","","net/minecraft/src","0"
"BlockNote","mt","BlockContainer","net/minecraft/src","0"
"SaveFormatComparator","rg","","net/minecraft/src","0"
"RenderCreeper","j","RenderLiving","net/minecraft/src","0"
"Packet18ArmAnimation","ky","Packet","net/minecraft/src","0"
"GuiUnused","bm","GuiScreen","net/minecraft/src","0"
"Packet16BlockItemSwitch","gd","Packet","net/minecraft/src","0"
"ThreadSleepForever","ii","","net/minecraft/src","0"
"TexturePackList","gw","","net/minecraft/src","0"
"EnumSkyBlock","de","","net/minecraft/src","0"
"ModelBed","hp","","net/minecraft/src","0"
"Packet17Sleep","id","Packet","net/minecraft/src","0"
"ItemRedstone","gq","Item","net/minecraft/src","0"
"GuiMultiplayer","jk","GuiScreen","net/minecraft/src","0"
"EntitySplashFX","pk","EntityRainFX","net/minecraft/src","0"
"MCHashTable","ib","","net/minecraft/src","0"
"ModelGhast","ji","ModelBase","net/minecraft/src","0"
"TileEntitySpecialRenderer","hk","","net/minecraft/src","0"
"EntityHeartFX","if","EntityFX","net/minecraft/src","0"
"EntityZombie","re","EntityMobs","net/minecraft/src","0"
"EntityPlayerSP","ch","EntityPlayer","net/minecraft/src","0"
"SoundPoolEntry","at","","net/minecraft/src","0"
"ItemSnowball","cr","Item","net/minecraft/src","0"
"TileEntityRenderer","jf","","net/minecraft/src","0"
"EntitySkeleton","eo","EntityMobs","net/minecraft/src","0"
"EntityChicken","ss","EntityAnimals","net/minecraft/src","0"
"Packet105","kn","Packet","net/minecraft/src","0"
"Packet53BlockChange","qg","Packet","net/minecraft/src","0"
"BlockSign","qr","BlockContainer","net/minecraft/src","0"
"OpenGlCapsChecker","cd","","net/minecraft/src","0"
"StatDistance","ao","StatBasic","net/minecraft/src","0"
"EntitySquid","to","EntityWaterMob","net/minecraft/src","0"
"Packet106","ls","Packet","net/minecraft/src","0"
"RenderHelper","q","","net/minecraft/src","0"
"WorldGenMinable","ej","WorldGenerator","net/minecraft/src","0"
"EntityExplodeFX","fq","EntityFX","net/minecraft/src","0"
"WorldGenLiquids","tj","WorldGenerator","net/minecraft/src","0"
"ColorizerFoliage","hn","","net/minecraft/src","0"
"BlockBreakable","hv","Block","net/minecraft/src","0"
"ChunkBlockMap","rn","","net/minecraft/src","0"
"EnumOS1","ht","","net/minecraft/src","0"
"Packet","ik","","net/minecraft/src","0"
"WorldGenBigTree","gt","WorldGenerator","net/minecraft/src","0"
"TextureCompassFX","aj","TextureFX","net/minecraft/src","0"
"BlockFlowing","lt","BlockFluids","net/minecraft/src","0"
"IChunkProvider","bs","","net/minecraft/src","0"
"ItemSeeds","oc","Item","net/minecraft/src","0"
"SlotCrafting","un","Slot","net/minecraft/src","0"
"RenderMinecart","pn","Render","net/minecraft/src","0"
"StepSound","by","","net/minecraft/src","0"
"RenderItem","am","Render","net/minecraft/src","0"
"ModelSheep2","km","ModelQuadraped","net/minecraft/src","0"
"StatCollector","ct","","net/minecraft/src","0"
"MapGenCaves","pe","MapGenBase","net/minecraft/src","0"
"ModelZombie","dk","ModelBiped","net/minecraft/src","0"
"NibbleArray","sj","","net/minecraft/src","0"
"PlayerController","ln","","net/minecraft/src","0"
"SpawnListEntry","av","","net/minecraft/src","0"
"Packet14BlockDig","hz","Packet","net/minecraft/src","0"
"Packet10Flying","gs","Packet","net/minecraft/src","0"
"EntityCreeper","ex","EntityMobs","net/minecraft/src","0"
"Packet22Collect","cn","Packet","net/minecraft/src","0"
"Packet29DestroyEntity","ol","Packet","net/minecraft/src","0"
"WorldGenLakes","co","WorldGenerator","net/minecraft/src","0"
"GuiInventory","qm","GuiContainer","net/minecraft/src","0"
"Packet52MultiBlockChange","st","Packet","net/minecraft/src","0"
"EnumOptions","gi","","net/minecraft/src","0"
"BlockLeavesBase","lb","Block","net/minecraft/src","0"
"GuiDownloadTerrain","fb","GuiScreen","net/minecraft/src","0"
"ModelBoat","dy","ModelBase","net/minecraft/src","0"
"TileEntityMobSpawnerRenderer","z","TileEntitySpecialRenderer","net/minecraft/src","0"
"TileEntity","ma","","net/minecraft/src","0"
"BlockChest","d","BlockContainer","net/minecraft/src","0"
"GuiSelectWorld","oh","GuiScreen","net/minecraft/src","0"
"RenderFish","mn","Render","net/minecraft/src","0"
"MinecraftError","ts","","net/minecraft/src","0"
"WorldGenerator","mk","","net/minecraft/src","0"
"RenderSpider","up","RenderLiving","net/minecraft/src","0"
"Packet8","dt","Packet","net/minecraft/src","0"
"ScaledResolution","nj","","net/minecraft/src","0"
"Packet101","kg","Packet","net/minecraft/src","0"
"WorldGenHellLava","na","WorldGenerator","net/minecraft/src","0"
"NoiseGenerator","ck","","net/minecraft/src","0"
"MobSpawnerDesert","er","MobSpawnerBase","net/minecraft/src","0"
"NBTTagEnd","jc","NBTBase","net/minecraft/src","0"
"ItemMinecart","od","Item","net/minecraft/src","0"
"WorldGenTaiga2","sq","WorldGenerator","net/minecraft/src","0"
"RenderFireball","il","Render","net/minecraft/src","0"
"EnumArt","hc","","net/minecraft/src","0"
"TextureWatchFX","ir","TextureFX","net/minecraft/src","0"
"CraftingInventoryWorkbenchCB","hf","CraftingInventoryCB","net/minecraft/src","0"
"CanvasCrashReport","su","","net/minecraft/src","0"
"BlockLightStone","jr","Block","net/minecraft/src","0"
"MovingObjectPosition","rk","","net/minecraft/src","0"
"ChunkFolderPattern","br","","net/minecraft/src","0"
"WorldProvider","sy","","net/minecraft/src","0"
"ItemDye","im","Item","net/minecraft/src","0"
"EntityTNTPrimed","np","Entity","net/minecraft/src","0"
"ModelSquid","sm","ModelBase","net/minecraft/src","0"
"StatBasic","ru","","net/minecraft/src","0"
"GuiSlider","sa","GuiButton","net/minecraft/src","0"
"ItemSword","nb","Item","net/minecraft/src","0"
"Frustrum","pf","","net/minecraft/src","0"
"BlockContainer","om","Block","net/minecraft/src","0"
"EntityAnimals","as","EntityCreature","net/minecraft/src","0"
"BlockDoor","iz","Block","net/minecraft/src","0"
"ModelMinecart","lc","ModelBase","net/minecraft/src","0"
"WorldGenTrees","ub","WorldGenerator","net/minecraft/src","0"
"XErrr","it","","net/minecraft/src","0"
"InventoryBasic","ni","","net/minecraft/src","0"
"NBTTagShort","qs","NBTBase","net/minecraft/src","0"
"StepSoundStone","ad","StepSound","net/minecraft/src","0"
"RecipesArmor","t","","net/minecraft/src","0"
"Entity","pb","","net/minecraft/src","0"
"UnexpectedThrowable","jz","","net/minecraft/src","0"
"NBTTagString","sz","NBTBase","net/minecraft/src","0"
"Packet27","nf","Packet","net/minecraft/src","0"
"CraftingInventoryDispenserCB","ow","CraftingInventoryCB","net/minecraft/src","0"
"ChunkProviderClient","rb","","net/minecraft/src","0"
"RenderGhast","mr","RenderLiving","net/minecraft/src","0"
"Packet7","b","Packet","net/minecraft/src","0"
"WorldRenderer","cp","","net/minecraft/src","0"
"ChunkFilePattern","oj","","net/minecraft/src","0"
"CraftingInventoryFurnaceCB","ax","CraftingInventoryCB","net/minecraft/src","0"
"BlockSponge","tc","Block","net/minecraft/src","0"
"TexureWaterFlowFX","lr","TextureFX","net/minecraft/src","0"
"SlotArmor","mu","Slot","net/minecraft/src","0"
"Block","ra","","net/minecraft/src","0"
"BlockStone","do","Block","net/minecraft/src","0"
"TexturedQuad","qk","","net/minecraft/src","0"
"SignModel","ny","","net/minecraft/src","0"
"Packet30Entity","qp","Packet","net/minecraft/src","0"
"StatTime","ud","StatBasic","net/minecraft/src","0"
"RenderPlayer","cx","RenderLiving","net/minecraft/src","0"
"ShapelessRecipes","qe","","net/minecraft/src","0"
"Vec3D","bb","","net/minecraft/src","0"
"WorldGenForest","g","WorldGenerator","net/minecraft/src","0"
"RenderBiped","r","RenderLiving","net/minecraft/src","0"
"NBTTagByte","nk","NBTBase","net/minecraft/src","0"
"EntityPig","si","EntityAnimals","net/minecraft/src","0"
"BlockSnowBlock","w","Block","net/minecraft/src","0"
"TexturePortalFX","gh","TextureFX","net/minecraft/src","0"
"GLAllocation","ez","","net/minecraft/src","0"
"BlockSlowSand","ll","Block","net/minecraft/src","0"
"NBTBase","gu","","net/minecraft/src","0"
"Empty1","fn","","net/minecraft/src","0"
"BlockBookshelf","ft","Block","net/minecraft/src","0"
"RecipesIngots","qa","","net/minecraft/src","0"
"StatCrafting","qf","StatBasic","net/minecraft/src","0"
"IBlockAccess","tk","","net/minecraft/src","0"
"IWorldAccess","mo","","net/minecraft/src","0"
"MetadataChunkBlock","ph","","net/minecraft/src","0"
"NBTTagLong","jy","NBTBase","net/minecraft/src","0"
"ModelSlime","la","ModelBase","net/minecraft/src","0"
"EntityLavaFX","ee","EntityFX","net/minecraft/src","0"
"ItemReed","jo","Item","net/minecraft/src","0"
"ClippingHelper","cw","","net/minecraft/src","0"
"MovementInput","qx","","net/minecraft/src","0"
"EntityCow","bf","EntityAnimals","net/minecraft/src","0"
"TextureLavaFX","bo","TextureFX","net/minecraft/src","0"
"GuiMainMenu","ep","GuiScreen","net/minecraft/src","0"
"BlockSand","ff","Block","net/minecraft/src","0"
"GuiScreen","cf","Gui","net/minecraft/src","0"
"PlayerControllerMP","tg","PlayerController","net/minecraft/src","0"
"WorldBlockPositionType","px","","net/minecraft/src","0"
"ItemPickaxe","ak","ItemTool","net/minecraft/src","0"
"GuiWorldSlot","ka","GuiSlot","net/minecraft/src","0"
"ThreadRunIsoClient","qi","","net/minecraft/src","0"
"WorldInfo","dj","","net/minecraft/src","0"
"MobSpawnerHell","p","MobSpawnerBase","net/minecraft/src","0"
"BlockBloodStone","uc","Block","net/minecraft/src","0"
"BlockSoil","ro","Block","net/minecraft/src","0"
"WatchableObject","ju","","net/minecraft/src","0"
"RedstoneUpdateInfo","tp","","net/minecraft/src","0"
"Packet0KeepAlive","js","Packet","net/minecraft/src","0"
"ThreadDownloadResources","ce","","net/minecraft/src","0"
"RecipesCrafting","ic","","net/minecraft/src","0"
"IProgressUpdate","tw","","net/minecraft/src","0"
"MusInputStream","ld","","net/minecraft/src","0"
"ItemFood","uo","Item","net/minecraft/src","0"
"EnumOS2","mh","","net/minecraft/src","0"
"ThreadDownloadImageData","dl","","net/minecraft/src","0"
"MouseFilter","bx","","net/minecraft/src","0"
"Packet4UpdateTime","fx","Packet","net/minecraft/src","0"
"Gui","qj","","net/minecraft/src","0"
"WorldGenFire","tn","WorldGenerator","net/minecraft/src","0"
"RecipesDyes","kr","","net/minecraft/src","0"
"ImageBuffer","ks","","net/minecraft/src","0"
"RenderArrow","jv","Render","net/minecraft/src","0"
"BlockPressurePlate","bd","Block","net/minecraft/src","0"
"NetworkMasterThread","td","","net/minecraft/src","0"
"Packet23VehicleSpawn","pc","Packet","net/minecraft/src","0"
"BlockGrass","so","Block","net/minecraft/src","0"
"BlockFurnace","po","BlockContainer","net/minecraft/src","0"
"ChunkProviderHell","nh","","net/minecraft/src","0"
"WorldClient","ke","World","net/minecraft/src","0"
"EntityPlayer","fm","EntityLiving","net/minecraft/src","0"
"EntityOtherPlayerMP","tu","EntityPlayer","net/minecraft/src","0"
"SoundManager","uj","","net/minecraft/src","0"
"ChunkCoordIntPair","uq","","net/minecraft/src","0"
"EntityFireball","bn","Entity","net/minecraft/src","0"
"EntityEgg","rx","Entity","net/minecraft/src","0"
"RenderSorter","jw","","net/minecraft/src","0"
"ModelCreeper","gx","ModelBase","net/minecraft/src","0"
"ItemStack","hi","","net/minecraft/src","0"
"ItemSign","rh","Item","net/minecraft/src","0"
"NBTTagInt","mq","NBTBase","net/minecraft/src","0"
"EntityMinecart","ug","Entity","net/minecraft/src","0"
"TerrainTextureManager","qu","","net/minecraft/src","0"
"WorldGenPumpkin","sv","WorldGenerator","net/minecraft/src","0"
"MinecraftException","qz","","net/minecraft/src","0"
"Packet13PlayerLookMove","du","Packet10Flying","net/minecraft/src","0"
"DataWatcher","ql","","net/minecraft/src","0"
"BlockDispenser","tl","BlockContainer","net/minecraft/src","0"
"Packet2Handshake","kh","Packet","net/minecraft/src","0"
"MobSpawnerSwamp","pq","MobSpawnerBase","net/minecraft/src","0"
"MobSpawnerTaiga","e","MobSpawnerBase","net/minecraft/src","0"
"EntityLiving","jm","Entity","net/minecraft/src","0"
"BlockClay","oo","Block","net/minecraft/src","0"
"WorldGenLightStone1","fa","WorldGenerator","net/minecraft/src","0"
"ICrafting","df","","net/minecraft/src","0"
"RenderFallingSand","fh","Render","net/minecraft/src","0"
"Packet12PlayerLook","rm","Packet10Flying","net/minecraft/src","0"
"EntityFlameFX","nn","EntityFX","net/minecraft/src","0"
"EntityWolf","fd","EntityAnimals","net/minecraft/src","0"
"Packet103","gf","Packet","net/minecraft/src","0"
"EnumToolMaterial","bc","","net/minecraft/src","0"
"TexturePackCustom","rs","TexturePackBase","net/minecraft/src","0"
"SaveHandler","ek","","net/minecraft/src","0"
"GuiSlot","jb","","net/minecraft/src","0"
"GuiConnecting","rz","GuiScreen","net/minecraft/src","0"
"BlockSapling","fv","BlockFlower","net/minecraft/src","0"
"SoundPool","gg","","net/minecraft/src","0"
"ItemCoal","on","Item","net/minecraft/src","0"
"ItemBucket","an","Item","net/minecraft/src","0"
"Packet130","qq","Packet","net/minecraft/src","0"
"BlockFence","ia","Block","net/minecraft/src","0"
"StringTranslate","kt","","net/minecraft/src","0"
"FontRenderer","ox","","net/minecraft/src","0"
"Packet39","le","Packet","net/minecraft/src","0"
"ItemBed","jj","Item","net/minecraft/src","0"
"EntityList","hj","","net/minecraft/src","0"
"BlockCloth","dg","Block","net/minecraft/src","0"
"ChunkCoordinates","ay","","net/minecraft/src","0"
"TexturePackBase","f","","net/minecraft/src","0"
"InventoryCraftResult","sk","","net/minecraft/src","0"
"BlockSnow","hw","Block","net/minecraft/src","0"
"TextureLavaFlowFX","gr","TextureFX","net/minecraft/src","0"
"Packet54","ry","Packet","net/minecraft/src","0"
"ItemPainting","uh","Item","net/minecraft/src","0"
"EnumMovingObjectType","hm","","net/minecraft/src","0"
"MobSpawnerRainforest","ue","MobSpawnerBase","net/minecraft/src","0"
"Packet70","bi","Packet","net/minecraft/src","0"
"GuiChat","ey","GuiScreen","net/minecraft/src","0"
"ItemCloth","au","ItemBlock","net/minecraft/src","0"
"IRecipe","cy","","net/minecraft/src","0"
"BlockObsidian","dz","BlockStone","net/minecraft/src","0"
"ISaveHandler","sr","","net/minecraft/src","0"
"WorldGenReed","hd","WorldGenerator","net/minecraft/src","0"
"IInventory","jp","","net/minecraft/src","0"
"Packet28","fe","Packet","net/minecraft/src","0"
"WorldChunkManager","tq","","net/minecraft/src","0"
"Packet40","rd","Packet","net/minecraft/src","0"
"Packet20NamedEntitySpawn","kb","Packet","net/minecraft/src","0"
"Session","fk","","net/minecraft/src","0"
"ModelBiped","ef","ModelBase","net/minecraft/src","0"
"Item","fg","","net/minecraft/src","0"
"EntityBoat","ew","Entity","net/minecraft/src","0"
"SlotFurnace","rt","Slot","net/minecraft/src","0"
"CanvasMajongLogo","ev","","net/minecraft/src","0"
"NoiseGeneratorOctaves2","qo","NoiseGenerator","net/minecraft/src","0"
"RenderLiving","fo","Render","net/minecraft/src","0"
"GuiContainer","gp","GuiScreen","net/minecraft/src","0"
"ClippingHelperImplementation","s","ClippingHelper","net/minecraft/src","0"
"BlockLadder","cu","Block","net/minecraft/src","0"
"StepSoundSand","ab","StepSound","net/minecraft/src","0"
"BlockCactus","lx","Block","net/minecraft/src","0"
"Timer","mx","","net/minecraft/src","0"
"BlockSandStone","nw","Block","net/minecraft/src","0"
"GuiTexturePackSlot","cj","GuiSlot","net/minecraft/src","0"
"ChunkProviderGenerate","tz","","net/minecraft/src","0"
"BlockWorkbench","eg","Block","net/minecraft/src","0"
"OsMap","qh","","net/minecraft/src","0"
"BlockCake","qt","Block","net/minecraft/src","0"
"GuiChest","ge","GuiContainer","net/minecraft/src","0"
"CodecMus","ha","","net/minecraft/src","0"
"RecipesWeapons","ta","","net/minecraft/src","0"
"EntitySmokeFX","ti","EntityFX","net/minecraft/src","0"
"ItemRenderer","nt","","net/minecraft/src","0"
"GuiCrafting","lu","GuiContainer","net/minecraft/src","0"
"MovementInputFromOptions","jl","MovementInput","net/minecraft/src","0"
"Path","ja","","net/minecraft/src","0"
"IMobs","ec","","net/minecraft/src","0"
"Packet1Login","lm","Packet","net/minecraft/src","0"
"InventoryCrafting","ki","","net/minecraft/src","0"
"NBTTagList","pd","NBTBase","net/minecraft/src","0"
"ModelRenderer","ms","","net/minecraft/src","0"
"ItemDoor","gj","Item","net/minecraft/src","0"
"BlockMobSpawner","ci","BlockContainer","net/minecraft/src","0"
"ItemFlintAndSteel","ty","Item","net/minecraft/src","0"
"BlockStep","um","Block","net/minecraft/src","0"
"Packet51MapChunk","dh","Packet","net/minecraft/src","0"
"Packet9","mc","Packet","net/minecraft/src","0"
"GuiOptions","bu","GuiScreen","net/minecraft/src","0"
"EntityReddustFX","gy","EntityFX","net/minecraft/src","0"
"EntityPigZombie","tv","EntityZombie","net/minecraft/src","0"
"BlockReed","oa","Block","net/minecraft/src","0"
"ModelPig","di","ModelQuadraped","net/minecraft/src","0"
"EntityZombieSimple","lf","EntityMobs","net/minecraft/src","0"
"Packet104","ie","Packet","net/minecraft/src","0"
"EnumStatus","cb","","net/minecraft/src","0"
"Packet6SpawnPosition","nv","Packet","net/minecraft/src","0"
"BlockOreBlock","h","Block","net/minecraft/src","0"
"TileEntityMobSpawner","cc","TileEntity","net/minecraft/src","0"
"GuiDisableButton","of","Gui","net/minecraft/src","0"
"RenderGlobal","i","","net/minecraft/src","0"
"ItemBoat","ri","Item","net/minecraft/src","0"
"FurnaceRecipes","dx","","net/minecraft/src","0"
"NBTTagFloat","l","NBTBase","net/minecraft/src","0"
"NBTTagCompound","lg","NBTBase","net/minecraft/src","0"
"ModelBase","in","","net/minecraft/src","0"
"Packet31RelEntityMove","pi","Packet30Entity","net/minecraft/src","0"
"ModelQuadraped","kz","ModelBase","net/minecraft/src","0"
"EnumOSMappingHelper","ip","","net/minecraft/src","0"
"EnumMobType","ok","","net/minecraft/src","0"
"BlockLeaves","aw","BlockLeavesBase","net/minecraft/src","0"
"EntityRainFX","tb","EntityFX","net/minecraft/src","0"
"GuiTexturePacks","eq","GuiScreen","net/minecraft/src","0"
"MinecraftAppletImpl","m","Minecraft","net/minecraft/src","0"
"BlockStationary","li","BlockFluids","net/minecraft/src","0"
"EntityCreature","gv","EntityLiving","net/minecraft/src","0"
"NetworkManager","mj","","net/minecraft/src","0"
"BlockLockedChest","iq","Block","net/minecraft/src","0"
"GuiCreateWorld","eh","GuiScreen","net/minecraft/src","0"
"GuiIngame","qv","Gui","net/minecraft/src","0"
"TextureFlamesFX","os","TextureFX","net/minecraft/src","0"
"RecipesFood","lo","","net/minecraft/src","0"
"BlockBed","rj","Block","net/minecraft/src","0"
"EntityFish","jq","Entity","net/minecraft/src","0"
"Empty2","go","","net/minecraft/src","0"
"RenderBlocks","ca","","net/minecraft/src","0"
"PlayerControllerSP","lz","PlayerController","net/minecraft/src","0"
"MaterialLiquid","ov","Material","net/minecraft/src","0"
"CompressedStreamTools","ah","","net/minecraft/src","0"
"ChunkProviderLoadOrGenerate","iu","","net/minecraft/src","0"
"GuiFurnace","mb","GuiContainer","net/minecraft/src","0"
"SaveHandlerMP","sw","","net/minecraft/src","0"
"RenderList","pr","","net/minecraft/src","0"
"ModelSpider","or","ModelBase","net/minecraft/src","0"
"EntityPainting","no","Entity","net/minecraft/src","0"
"ModelSkeleton","ix","ModelZombie","net/minecraft/src","0"
"Render","be","","net/minecraft/src","0"
"RenderZombieSimple","ua","RenderLiving","net/minecraft/src","0"
"BlockOre","kk","Block","net/minecraft/src","0"
"BlockTNT","aa","Block","net/minecraft/src","0"
"GuiVideoSettings","kw","GuiScreen","net/minecraft/src","0"
"EntityGhast","az","EntityFlying","net/minecraft/src","0"
"CanvasMinecraftApplet","n","","net/minecraft/src","0"
"PathEntity","cm","","net/minecraft/src","0"
"IChunkLoader","ar","","net/minecraft/src","0"
"WorldGenDungeons","dr","WorldGenerator","net/minecraft/src","0"
"Packet102","nl","Packet","net/minecraft/src","0"
"GuiControls","qw","GuiScreen","net/minecraft/src","0"
"BlockGlass","ei","BlockBreakable","net/minecraft/src","0"
"NetHandler","pt","","net/minecraft/src","0"
"BlockButton","lq","Block","net/minecraft/src","0"
"EntitySlimeFX","mf","EntityFX","net/minecraft/src","0"
"BlockRedstoneOre","ba","Block","net/minecraft/src","0"
"EntityRenderer","mw","","net/minecraft/src","0"
"EntitySheep","cq","EntityAnimals","net/minecraft/src","0"
"Packet60","oe","Packet","net/minecraft/src","0"
"GuiDispenser","fl","GuiContainer","net/minecraft/src","0"
"EntityFlying","sp","EntityLiving","net/minecraft/src","0"
"Packet25","rw","Packet","net/minecraft/src","0"
"World","eb","","net/minecraft/src","0"
"RenderSheep","tt","RenderLiving","net/minecraft/src","0"
"InventoryLargeChest","lp","","net/minecraft/src","0"
"ItemTool","cv","Item","net/minecraft/src","0"
"AxisAlignedBB","dq","","net/minecraft/src","0"
"Explosion","nq","","net/minecraft/src","0"
"BlockLever","tm","Block","net/minecraft/src","0"
"RegionFileChunkBuffer","gl","","net/minecraft/src","0"
"SaveFormatOld","qb","","net/minecraft/src","0"
"ImageBufferDownload","oi","","net/minecraft/src","0"
"KeyBinding","mz","","net/minecraft/src","0"
"EnumOptionsMappingHelper","en","","net/minecraft/src","0"
"EnumCreatureType","je","","net/minecraft/src","0"
"BlockMushroom","pw","BlockFlower","net/minecraft/src","0"
"ItemCookie","ne","ItemFood","net/minecraft/src","0"
"GuiRenameWorld","hq","GuiScreen","net/minecraft/src","0"
"RecipeSorter","iv","","net/minecraft/src","0"
"GuiEditSign","tx","GuiScreen","net/minecraft/src","0"
"ModelCow","fw","ModelQuadraped","net/minecraft/src","0"
"NetworkReaderThread","tf","","net/minecraft/src","0"
"CraftingInventoryCB","da","","net/minecraft/src","0"
"NextTickListEntry","nr","","net/minecraft/src","0"
"ItemBlock","bq","Item","net/minecraft/src","0"
"FileMatcher","dc","","net/minecraft/src","0"
"ItemBow","ns","Item","net/minecraft/src","0"
"BlockPumpkin","ea","Block","net/minecraft/src","0"
"ChatLine","pj","","net/minecraft/src","0"
"StatList","hs","","net/minecraft/src","0"
"PlayerControllerTest","ml","PlayerController","net/minecraft/src","0"
"Material","jh","","net/minecraft/src","0"
"EntityItem","gb","Entity","net/minecraft/src","0"
"EntityClientPlayerMP","pv","EntityPlayerSP","net/minecraft/src","0"
"RegionFile","nd","","net/minecraft/src","0"
"Packet24MobSpawn","hr","Packet","net/minecraft/src","0"
"MinecartTrackLogic","rr","","net/minecraft/src","0"
"TextureWaterFX","rv","TextureFX","net/minecraft/src","0"
"EntityDiggingFX","ng","EntityFX","net/minecraft/src","0"
"MobSpawnerBase","ig","","net/minecraft/src","0"
"EntityPickupFX","dm","EntityFX","net/minecraft/src","0"
"BlockRedstoneTorch","cg","BlockTorch","net/minecraft/src","0"
"ICamera","ui","","net/minecraft/src","0"
"Packet15Place","fp","Packet","net/minecraft/src","0"
"EntityWaterMob","ag","EntityCreature","net/minecraft/src","0"
"IsoImageBuffer","nx","","net/minecraft/src","0"
"NBTTagDouble","pl","NBTBase","net/minecraft/src","0"
"RenderEntity","jt","Render","net/minecraft/src","0"
"MaterialTransparent","jn","Material","net/minecraft/src","0"
"TileEntitySignRenderer","mp","TileEntitySpecialRenderer","net/minecraft/src","0"
"EntityBubbleFX","bw","EntityFX","net/minecraft/src","0"
"RenderWolf","sg","RenderLiving","net/minecraft/src","0"
"RenderPig","jx","RenderLiving","net/minecraft/src","0"
"CraftingInventoryChestCB","bl","CraftingInventoryCB","net/minecraft/src","0"
"BlockFluids","og","Block","net/minecraft/src","0"
"RegionFileCache","ob","","net/minecraft/src","0"
"Packet100","hg","Packet","net/minecraft/src","0"
"BlockFire","uk","Block","net/minecraft/src","0"
"LoadingScreenRenderer","kc","","net/minecraft/src","0"
"ItemSoup","bh","ItemFood","net/minecraft/src","0"
"EntityMobs","fr","EntityCreature","net/minecraft/src","0"
"BlockIce","kv","BlockBreakable","net/minecraft/src","0"
"EntitySorter","hu","","net/minecraft/src","0"
"EmptyChunk","jd","Chunk","net/minecraft/src","0"
"RenderSquid","ds","RenderLiving","net/minecraft/src","0"
"GuiSmallButton","v","GuiButton","net/minecraft/src","0"
"Achievement","lk","StatBasic","net/minecraft/src","0"
"ModelWolf","k","ModelBase","net/minecraft/src","0"
"ItemRecord","qc","Item","net/minecraft/src","0"
"ThreadConnectToServer","sx","","net/minecraft/src","0"
"EffectRenderer","cs","","net/minecraft/src","0"
"EntitySlime","rc","EntityLiving","net/minecraft/src","0"
"Packet21PickupSpawn","kq","Packet","net/minecraft/src","0"
"BlockRedstoneWire","pa","Block","net/minecraft/src","0"
"WorldChunkManagerHell","fu","WorldChunkManager","net/minecraft/src","0"
"Packet3Chat","mi","Packet","net/minecraft/src","0"
"EntityFallingSand","hy","Entity","net/minecraft/src","0"
"ItemLog","fj","ItemBlock","net/minecraft/src","0"
"CraftingManager","ga","","net/minecraft/src","0"
"ISaveFormat","kx","","net/minecraft/src","0"
"EntityNoteFX","x","EntityFX","net/minecraft/src","0"
"PositionTexureVertex","gn","","net/minecraft/src","0"
"BlockGravel","kp","BlockSand","net/minecraft/src","0"
"CraftingInventoryPlayerCB","u","CraftingInventoryCB","net/minecraft/src","0"
"Chunk","jg","","net/minecraft/src","0"
"ThreadDownloadImage","pu","","net/minecraft/src","0"
"ModelChicken","pp","ModelBase","net/minecraft/src","0"
"BlockJukeBox","el","Block","net/minecraft/src","0"
"Teleporter","qy","","net/minecraft/src","0"
"PacketCounter","lh","","net/minecraft/src","0"
"HashEntry","sl","","net/minecraft/src","0"
"ChunkPosition","sh","","net/minecraft/src","0"
"ItemAxe","pm","ItemTool","net/minecraft/src","0"
"ChunkLoader","pz","","net/minecraft/src","0"
"ItemEgg","kf","Item","net/minecraft/src","0"
"WorldGenTaiga1","mv","WorldGenerator","net/minecraft/src","0"
"EntitySnowball","bg","Entity","net/minecraft/src","0"
"ItemFishingRod","bz","Item","net/minecraft/src","0"
"TileEntityFurnace","oy","TileEntity","net/minecraft/src","0"
"Packet38","hl","Packet","net/minecraft/src","0"
"PathPoint","c","","net/minecraft/src","0"
"BlockCrops","ku","BlockFlower","net/minecraft/src","0"
"ChunkCache","dv","","net/minecraft/src","0"
"GuiYesNo","nm","GuiScreen","net/minecraft/src","0"
"ItemArmor","sc","Item","net/minecraft/src","0"
"Packet11PlayerPosition","y","Packet10Flying","net/minecraft/src","0"
"NBTTagByteArray","gc","NBTBase","net/minecraft/src","0"
"Packet255KickDisconnect","ul","Packet","net/minecraft/src","0"
"Packet32EntityLook","oq","Packet30Entity","net/minecraft/src","0"
"TileEntityDispenser","al","TileEntity","net/minecraft/src","0"
"BlockRedstoneRepeater","sn","Block","net/minecraft/src","0"
"NoiseGeneratorOctaves","qn","NoiseGenerator","net/minecraft/src","0"
"GuiIngameMenu","md","GuiScreen","net/minecraft/src","0"
"Packet33RelEntityMoveLook","my","Packet30Entity","net/minecraft/src","0"
"ItemSlab","dn","ItemBlock","net/minecraft/src","0"
"AchievementList","dp","","net/minecraft/src","0"
"Slot","fi","","net/minecraft/src","0"
"Packet5PlayerInventory","o","Packet","net/minecraft/src","0"
"ColorizerGrass","gm","","net/minecraft/src","0"
"NoiseGeneratorPerlin","ae","NoiseGenerator","net/minecraft/src","0"
"GuiConflictWarning","nc","GuiScreen","net/minecraft/src","0"
"ModelSheep1","dd","ModelQuadraped","net/minecraft/src","0"
"Minecraft","Minecraft","","net/minecraft/client","0"
"MinecraftApplet","MinecraftApplet","","net/minecraft/client","0"
"MobSpawnerForest","ji","MobSpawnerBase","net/minecraft/src","1"
"Pathfinder","dl","","net/minecraft/src","1"
"TileEntitySign","oc","TileEntity","net/minecraft/src","1"
"HashEntry2","jb","","net/minecraft/src","1"
"NetworkWriterThread","nl","","net/minecraft/src","1"
"ItemSaddle","ka","Item","net/minecraft/src","1"
"SpawnerAnimals","bf","","net/minecraft/src","1"
"TileEntityChest","fp","TileEntity","net/minecraft/src","1"
"BlockFlower","mm","Block","net/minecraft/src","1"
"FontAllowedCharacters","dg","","net/minecraft/src","1"
"AchievementMap","b","","net/minecraft/src","1"
"MapGenCavesHell","in","MapGenBase","net/minecraft/src","1"
"ShapedRecipes","fc","","net/minecraft/src","1"
"BlockMinecartTrack","ij","Block","net/minecraft/src","1"
"EntitySpider","be","EntityMobs","net/minecraft/src","1"
"ThreadServerApplication","bg","","net/minecraft/src","1"
"BlockStairs","kn","Block","net/minecraft/src","1"
"BlockLog","lz","Block","net/minecraft/src","1"
"TileEntityNote","ky","TileEntity","net/minecraft/src","1"
"Packet19","ld","Packet","net/minecraft/src","1"
"WorldGenClay","hf","WorldGenerator","net/minecraft/src","1"
"RecipesTools","eb","","net/minecraft/src","1"
"InventoryPlayer","ff","","net/minecraft/src","1"
"McRegionChunkLoader","gg","","net/minecraft/src","1"
"WorldGenLightStone2","kd","WorldGenerator","net/minecraft/src","1"
"MapGenBase","dk","","net/minecraft/src","1"
"NoiseGenerator2","az","","net/minecraft/src","1"
"ItemSpade","mn","ItemTool","net/minecraft/src","1"
"WorldGenCactus","dm","WorldGenerator","net/minecraft/src","1"
"ItemHoe","ge","Item","net/minecraft/src","1"
"BlockTorch","me","Block","net/minecraft/src","1"
"Packet34EntityTeleport","jl","Packet","net/minecraft/src","1"
"WorldProviderHell","mo","WorldProvider","net/minecraft/src","1"
"SaveOldDir","hi","PlayerNBTManager","net/minecraft/src","1"
"EntityArrow","kh","Entity","net/minecraft/src","1"
"WorldGenFlowers","ah","WorldGenerator","net/minecraft/src","1"
"Packet50PreChunk","kc","Packet","net/minecraft/src","1"
"MaterialLogic","z","Material","net/minecraft/src","1"
"PlayerManager","na","","net/minecraft/src","1"
"SaveConverterMcRegion","eh","SaveFormatOld","net/minecraft/src","1"
"BlockPortal","x","BlockBreakable","net/minecraft/src","1"
"MathHelper","ez","","net/minecraft/src","1"
"BlockDirt","ig","Block","net/minecraft/src","1"
"BlockNote","iq","BlockContainer","net/minecraft/src","1"
"ServerGuiCommandListener","p","","net/minecraft/src","1"
"Packet18ArmAnimation","hq","Packet","net/minecraft/src","1"
"Packet16BlockItemSwitch","em","Packet","net/minecraft/src","1"
"ThreadSleepForever","bj","","net/minecraft/src","1"
"ThreadMonitorConnection","nj","","net/minecraft/src","1"
"EnumSkyBlock","cd","","net/minecraft/src","1"
"ModelBed","fk","","net/minecraft/src","1"
"Packet17Sleep","fv","Packet","net/minecraft/src","1"
"ItemRedstone","et","Item","net/minecraft/src","1"
"MCHashTable","ft","","net/minecraft/src","1"
"EntityZombie","lt","EntityMobs","net/minecraft/src","1"
"ItemSnowball","bv","Item","net/minecraft/src","1"
"EntitySkeleton","dh","EntityMobs","net/minecraft/src","1"
"EntityChicken","nb","EntityAnimals","net/minecraft/src","1"
"Packet105","hh","Packet","net/minecraft/src","1"
"Packet53BlockChange","lg","Packet","net/minecraft/src","1"
"BlockSign","lm","BlockContainer","net/minecraft/src","1"
"StatDistance","ag","StatBasic","net/minecraft/src","1"
"EntitySquid","nr","EntityWaterMob","net/minecraft/src","1"
"Packet106","id","Packet","net/minecraft/src","1"
"WorldGenMinable","de","WorldGenerator","net/minecraft/src","1"
"WorldGenLiquids","nm","WorldGenerator","net/minecraft/src","1"
"PlayerNBTManager","dd","","net/minecraft/src","1"
"BlockBreakable","fn","Block","net/minecraft/src","1"
"ChunkBlockMap","mc","","net/minecraft/src","1"
"ServerCommand","ab","","net/minecraft/src","1"
"Packet","fy","","net/minecraft/src","1"
"WorldGenBigTree","ew","WorldGenerator","net/minecraft/src","1"
"IPlayerFileData","eu","","net/minecraft/src","1"
"ServerGUI","lu","","net/minecraft/src","1"
"BlockFlowing","ie","BlockFluids","net/minecraft/src","1"
"IChunkProvider","bc","","net/minecraft/src","1"
"ItemSeeds","jo","Item","net/minecraft/src","1"
"SlotCrafting","ok","Slot","net/minecraft/src","1"
"StepSound","bk","","net/minecraft/src","1"
"StatCollector","bw","","net/minecraft/src","1"
"MapGenCaves","km","MapGenBase","net/minecraft/src","1"
"NibbleArray","mr","","net/minecraft/src","1"
"ICommandListener","ku","","net/minecraft/src","1"
"SpawnListEntry","al","","net/minecraft/src","1"
"Packet14BlockDig","fr","Packet","net/minecraft/src","1"
"Packet10Flying","ev","Packet","net/minecraft/src","1"
"EntityCreeper","do","EntityMobs","net/minecraft/src","1"
"Packet22Collect","bs","Packet","net/minecraft/src","1"
"Packet29DestroyEntity","jv","Packet","net/minecraft/src","1"
"WorldGenLakes","bt","WorldGenerator","net/minecraft/src","1"
"GuiStatsComponent","gd","","net/minecraft/src","1"
"Packet52MultiBlockChange","nc","Packet","net/minecraft/src","1"
"BlockLeavesBase","hr","Block","net/minecraft/src","1"
"TileEntity","ih","","net/minecraft/src","1"
"BlockChest","d","BlockContainer","net/minecraft/src","1"
"WorldGenerator","im","","net/minecraft/src","1"
"Packet8","cp","Packet","net/minecraft/src","1"
"Packet101","hb","Packet","net/minecraft/src","1"
"WorldGenHellLava","iu","WorldGenerator","net/minecraft/src","1"
"NoiseGenerator","bq","","net/minecraft/src","1"
"MobSpawnerDesert","di","MobSpawnerBase","net/minecraft/src","1"
"NBTTagEnd","gj","NBTBase","net/minecraft/src","1"
"ItemMinecart","jp","Item","net/minecraft/src","1"
"WorldGenTaiga2","my","WorldGenerator","net/minecraft/src","1"
"EnumArt","fa","","net/minecraft/src","1"
"PlayerInstance","w","","net/minecraft/src","1"
"CraftingInventoryWorkbenchCB","fd","CraftingInventoryCB","net/minecraft/src","1"
"BlockLightStone","gw","Block","net/minecraft/src","1"
"MovingObjectPosition","lw","","net/minecraft/src","1"
"ChunkFolderPattern","bd","","net/minecraft/src","1"
"WorldProvider","ne","","net/minecraft/src","1"
"ItemDye","fz","Item","net/minecraft/src","1"
"EntityTNTPrimed","je","Entity","net/minecraft/src","1"
"StatBasic","mh","","net/minecraft/src","1"
"ItemSword","iv","Item","net/minecraft/src","1"
"BlockContainer","jw","Block","net/minecraft/src","1"
"EntityAnimals","aj","EntityCreature","net/minecraft/src","1"
"BlockDoor","gh","Block","net/minecraft/src","1"
"WorldGenTrees","nz","WorldGenerator","net/minecraft/src","1"
"NBTTagShort","ln","NBTBase","net/minecraft/src","1"
"StepSoundStone","v","StepSound","net/minecraft/src","1"
"ThreadCommandReader","bi","","net/minecraft/src","1"
"RecipesArmor","l","","net/minecraft/src","1"
"Entity","kj","","net/minecraft/src","1"
"NBTTagString","nf","NBTBase","net/minecraft/src","1"
"Packet27","iy","Packet","net/minecraft/src","1"
"CraftingInventoryDispenserCB","kf","CraftingInventoryCB","net/minecraft/src","1"
"Packet7","a","Packet","net/minecraft/src","1"
"ChunkFilePattern","js","","net/minecraft/src","1"
"CraftingInventoryFurnaceCB","an","CraftingInventoryCB","net/minecraft/src","1"
"BlockSponge","nh","Block","net/minecraft/src","1"
"SlotArmor","ir","Slot","net/minecraft/src","1"
"Block","lq","","net/minecraft/src","1"
"BlockStone","ck","Block","net/minecraft/src","1"
"Packet30Entity","lk","Packet","net/minecraft/src","1"
"StatTime","oa","StatBasic","net/minecraft/src","1"
"ShapelessRecipes","le","","net/minecraft/src","1"
"Vec3D","ar","","net/minecraft/src","1"
"WorldGenForest","f","WorldGenerator","net/minecraft/src","1"
"NBTTagByte","ja","NBTBase","net/minecraft/src","1"
"EntityPig","mq","EntityAnimals","net/minecraft/src","1"
"ItemInWorldManager","og","","net/minecraft/src","1"
"BlockSnowBlock","n","Block","net/minecraft/src","1"
"BlockSlowSand","hz","Block","net/minecraft/src","1"
"NBTBase","ex","","net/minecraft/src","1"
"ThreadLoginVerifier","cj","","net/minecraft/src","1"
"Empty1","dy","","net/minecraft/src","1"
"BlockBookshelf","ec","Block","net/minecraft/src","1"
"RecipesIngots","la","","net/minecraft/src","1"
"StatCrafting","lf","StatBasic","net/minecraft/src","1"
"IBlockAccess","nn","","net/minecraft/src","1"
"IWorldAccess","io","","net/minecraft/src","1"
"MetadataChunkBlock","ko","","net/minecraft/src","1"
"NBTTagLong","ha","NBTBase","net/minecraft/src","1"
"ItemReed","gs","Item","net/minecraft/src","1"
"EntityCow","au","EntityAnimals","net/minecraft/src","1"
"BlockSand","dt","Block","net/minecraft/src","1"
"GuiLogOutputHandler","by","","net/minecraft/src","1"
"ItemPickaxe","ad","ItemTool","net/minecraft/src","1"
"WorldInfo","ch","","net/minecraft/src","1"
"MobSpawnerHell","k","MobSpawnerBase","net/minecraft/src","1"
"BlockBloodStone","ny","Block","net/minecraft/src","1"
"BlockSoil","md","Block","net/minecraft/src","1"
"WatchableObject","gy","","net/minecraft/src","1"
"RedstoneUpdateInfo","ns","","net/minecraft/src","1"
"Packet0KeepAlive","gx","Packet","net/minecraft/src","1"
"IUpdatePlayerListBox","ct","","net/minecraft/src","1"
"RecipesCrafting","fu","","net/minecraft/src","1"
"IProgressUpdate","nv","","net/minecraft/src","1"
"ItemFood","oj","Item","net/minecraft/src","1"
"Packet4UpdateTime","eg","Packet","net/minecraft/src","1"
"WorldGenFire","nq","WorldGenerator","net/minecraft/src","1"
"RecipesDyes","hl","","net/minecraft/src","1"
"BlockPressurePlate","at","Block","net/minecraft/src","1"
"NetworkMasterThread","ni","","net/minecraft/src","1"
"Packet23VehicleSpawn","kl","Packet","net/minecraft/src","1"
"BlockGrass","mw","Block","net/minecraft/src","1"
"BlockFurnace","ks","BlockContainer","net/minecraft/src","1"
"ChunkProviderHell","iz","","net/minecraft/src","1"
"EntityPlayer","dx","EntityLiving","net/minecraft/src","1"
"ChunkCoordIntPair","ol","","net/minecraft/src","1"
"EntityFireball","ba","Entity","net/minecraft/src","1"
"EntityEgg","mj","Entity","net/minecraft/src","1"
"ItemStack","fg","","net/minecraft/src","1"
"ItemSign","lv","Item","net/minecraft/src","1"
"NBTTagInt","ip","NBTBase","net/minecraft/src","1"
"EntityMinecart","od","Entity","net/minecraft/src","1"
"WorldGenPumpkin","nd","WorldGenerator","net/minecraft/src","1"
"MinecraftException","lp","","net/minecraft/src","1"
"Packet13PlayerLookMove","cq","Packet10Flying","net/minecraft/src","1"
"DataWatcher","lh","","net/minecraft/src","1"
"BlockDispenser","no","BlockContainer","net/minecraft/src","1"
"Packet2Handshake","hd","Packet","net/minecraft/src","1"
"MobSpawnerSwamp","kt","MobSpawnerBase","net/minecraft/src","1"
"NetServerHandler","gf","NetHandler","net/minecraft/src","1"
"MobSpawnerTaiga","e","MobSpawnerBase","net/minecraft/src","1"
"EntityLiving","gq","Entity","net/minecraft/src","1"
"BlockClay","jz","Block","net/minecraft/src","1"
"WorldGenLightStone1","dp","WorldGenerator","net/minecraft/src","1"
"ICrafting","ce","","net/minecraft/src","1"
"Packet12PlayerLook","ma","Packet10Flying","net/minecraft/src","1"
"EntityWolf","ds","EntityAnimals","net/minecraft/src","1"
"Packet103","en","Packet","net/minecraft/src","1"
"EnumToolMaterial","as","","net/minecraft/src","1"
"ConvertProgressUpdater","bh","","net/minecraft/src","1"
"BlockSapling","ee","BlockFlower","net/minecraft/src","1"
"ItemCoal","jx","Item","net/minecraft/src","1"
"ItemBucket","af","Item","net/minecraft/src","1"
"Packet130","ll","Packet","net/minecraft/src","1"
"BlockFence","fs","Block","net/minecraft/src","1"
"StringTranslate","hm","","net/minecraft/src","1"
"GuiStatsListener","gr","","net/minecraft/src","1"
"Packet39","hs","Packet","net/minecraft/src","1"
"ItemBed","gp","Item","net/minecraft/src","1"
"EntityList","fh","","net/minecraft/src","1"
"BlockCloth","cf","Block","net/minecraft/src","1"
"ChunkCoordinates","ao","","net/minecraft/src","1"
"EntityTrackerEntry","eo","","net/minecraft/src","1"
"InventoryCraftResult","ms","","net/minecraft/src","1"
"BlockSnow","fo","Block","net/minecraft/src","1"
"ConsoleLogManager","ef","","net/minecraft/src","1"
"Packet54","mk","Packet","net/minecraft/src","1"
"ItemPainting","oe","Item","net/minecraft/src","1"
"EnumMovingObjectType","fj","","net/minecraft/src","1"
"MobSpawnerRainforest","ob","MobSpawnerBase","net/minecraft/src","1"
"Packet70","ax","Packet","net/minecraft/src","1"
"ItemCloth","ak","ItemBlock","net/minecraft/src","1"
"IRecipe","ca","","net/minecraft/src","1"
"BlockObsidian","cv","BlockStone","net/minecraft/src","1"
"ISaveHandler","mz","","net/minecraft/src","1"
"WorldGenReed","fb","WorldGenerator","net/minecraft/src","1"
"IInventory","gu","","net/minecraft/src","1"
"Packet28","dr","Packet","net/minecraft/src","1"
"WorldChunkManager","nt","","net/minecraft/src","1"
"Packet40","ls","Packet","net/minecraft/src","1"
"Packet20NamedEntitySpawn","gz","Packet","net/minecraft/src","1"
"Item","du","","net/minecraft/src","1"
"EntityBoat","dn","Entity","net/minecraft/src","1"
"SlotFurnace","mg","Slot","net/minecraft/src","1"
"NoiseGeneratorOctaves2","lj","NoiseGenerator","net/minecraft/src","1"
"BlockLadder","bx","Block","net/minecraft/src","1"
"StepSoundSand","u","StepSound","net/minecraft/src","1"
"BlockCactus","if","Block","net/minecraft/src","1"
"BlockSandStone","jk","Block","net/minecraft/src","1"
"ChunkProviderGenerate","nw","","net/minecraft/src","1"
"BlockWorkbench","da","Block","net/minecraft/src","1"
"BlockCake","lo","Block","net/minecraft/src","1"
"PlayerListBox","g","","net/minecraft/src","1"
"RecipesWeapons","ng","","net/minecraft/src","1"
"Path","gi","","net/minecraft/src","1"
"IMobs","cx","","net/minecraft/src","1"
"Packet1Login","hy","Packet","net/minecraft/src","1"
"InventoryCrafting","he","","net/minecraft/src","1"
"NBTTagList","kk","NBTBase","net/minecraft/src","1"
"ItemDoor","ep","Item","net/minecraft/src","1"
"BlockMobSpawner","bp","BlockContainer","net/minecraft/src","1"
"ItemFlintAndSteel","nx","Item","net/minecraft/src","1"
"BlockStep","oi","Block","net/minecraft/src","1"
"Packet51MapChunk","cg","Packet","net/minecraft/src","1"
"Packet9","ii","Packet","net/minecraft/src","1"
"EntityPigZombie","nu","EntityZombie","net/minecraft/src","1"
"BlockReed","jm","Block","net/minecraft/src","1"
"EntityZombieSimple","ht","EntityMobs","net/minecraft/src","1"
"Packet104","fw","Packet","net/minecraft/src","1"
"EnumStatus","bm","","net/minecraft/src","1"
"Packet6SpawnPosition","jj","Packet","net/minecraft/src","1"
"BlockOreBlock","h","Block","net/minecraft/src","1"
"TileEntityMobSpawner","bn","TileEntity","net/minecraft/src","1"
"MCHashTable2","dj","","net/minecraft/src","1"
"ItemBoat","lx","Item","net/minecraft/src","1"
"FurnaceRecipes","cs","","net/minecraft/src","1"
"NBTTagFloat","i","NBTBase","net/minecraft/src","1"
"NBTTagCompound","hu","NBTBase","net/minecraft/src","1"
"ServerWindowAdapter","o","","net/minecraft/src","1"
"Packet31RelEntityMove","kp","Packet30Entity","net/minecraft/src","1"
"EntityPlayerMP","cy","EntityPlayer","net/minecraft/src","1"
"EnumMobType","ju","","net/minecraft/src","1"
"BlockLeaves","am","BlockLeavesBase","net/minecraft/src","1"
"BlockStationary","hw","BlockFluids","net/minecraft/src","1"
"EntityCreature","ey","EntityLiving","net/minecraft/src","1"
"NetworkManager","il","","net/minecraft/src","1"
"BlockLockedChest","ga","Block","net/minecraft/src","1"
"RecipesFood","ia","","net/minecraft/src","1"
"BlockBed","ly","Block","net/minecraft/src","1"
"EntityFish","gv","Entity","net/minecraft/src","1"
"Empty2","es","","net/minecraft/src","1"
"MaterialLiquid","ke","Material","net/minecraft/src","1"
"CompressedStreamTools","ac","","net/minecraft/src","1"
"ConsoleCommandHandler","kv","","net/minecraft/src","1"
"ChunkProviderLoadOrGenerate","gb","","net/minecraft/src","1"
"WorldServer","dc","World","net/minecraft/src","1"
"EntityPainting","jd","Entity","net/minecraft/src","1"
"BlockOre","hg","Block","net/minecraft/src","1"
"BlockTNT","r","Block","net/minecraft/src","1"
"EntityGhast","ap","EntityFlying","net/minecraft/src","1"
"PathEntity","br","","net/minecraft/src","1"
"IChunkLoader","ai","","net/minecraft/src","1"
"WorldGenDungeons","co","WorldGenerator","net/minecraft/src","1"
"Packet102","jc","Packet","net/minecraft/src","1"
"BlockGlass","db","BlockBreakable","net/minecraft/src","1"
"NetHandler","kw","","net/minecraft/src","1"
"BlockButton","ic","Block","net/minecraft/src","1"
"BlockRedstoneOre","aq","Block","net/minecraft/src","1"
"EntitySheep","bu","EntityAnimals","net/minecraft/src","1"
"Packet60","jq","Packet","net/minecraft/src","1"
"EntityFlying","mx","EntityLiving","net/minecraft/src","1"
"Packet25","mi","Packet","net/minecraft/src","1"
"World","cw","","net/minecraft/src","1"
"InventoryLargeChest","ib","","net/minecraft/src","1"
"ItemTool","bz","Item","net/minecraft/src","1"
"AxisAlignedBB","cm","","net/minecraft/src","1"
"Explosion","jf","","net/minecraft/src","1"
"BlockLever","np","Block","net/minecraft/src","1"
"RegionFileChunkBuffer","eq","","net/minecraft/src","1"
"SaveFormatOld","lb","","net/minecraft/src","1"
"EnumCreatureType","gm","","net/minecraft/src","1"
"BlockMushroom","kx","BlockFlower","net/minecraft/src","1"
"ItemCookie","ix","ItemFood","net/minecraft/src","1"
"RecipeSorter","gc","","net/minecraft/src","1"
"WorldManager","cz","","net/minecraft/src","1"
"NetworkReaderThread","nk","","net/minecraft/src","1"
"CraftingInventoryCB","cb","","net/minecraft/src","1"
"PropertyManager","jt","","net/minecraft/src","1"
"NextTickListEntry","jg","","net/minecraft/src","1"
"ItemBlock","bb","Item","net/minecraft/src","1"
"FileMatcher","cc","","net/minecraft/src","1"
"ItemBow","jh","Item","net/minecraft/src","1"
"BlockPumpkin","cu","Block","net/minecraft/src","1"
"StatList","fm","","net/minecraft/src","1"
"Material","go","","net/minecraft/src","1"
"EntityItem","ej","Entity","net/minecraft/src","1"
"RegionFile","iw","","net/minecraft/src","1"
"Packet24MobSpawn","fl","Packet","net/minecraft/src","1"
"MinecartTrackLogic","mf","","net/minecraft/src","1"
"MobSpawnerBase","fx","","net/minecraft/src","1"
"BlockRedstoneTorch","bo","BlockTorch","net/minecraft/src","1"
"Packet15Place","dz","Packet","net/minecraft/src","1"
"EntityWaterMob","aa","EntityCreature","net/minecraft/src","1"
"NBTTagDouble","kq","NBTBase","net/minecraft/src","1"
"MaterialTransparent","gt","Material","net/minecraft/src","1"
"CraftingInventoryChestCB","ay","CraftingInventoryCB","net/minecraft/src","1"
"BlockFluids","jr","Block","net/minecraft/src","1"
"RegionFileCache","jn","","net/minecraft/src","1"
"Packet100","fe","Packet","net/minecraft/src","1"
"BlockFire","of","Block","net/minecraft/src","1"
"ItemSoup","aw","ItemFood","net/minecraft/src","1"
"EntityMobs","ea","EntityCreature","net/minecraft/src","1"
"BlockIce","ho","BlockBreakable","net/minecraft/src","1"
"ServerConfigurationManager","el","","net/minecraft/src","1"
"EmptyChunk","gl","Chunk","net/minecraft/src","1"
"Achievement","hx","StatBasic","net/minecraft/src","1"
"ItemRecord","lc","Item","net/minecraft/src","1"
"NetworkAcceptThread","jy","","net/minecraft/src","1"
"ChunkProviderServer","gk","","net/minecraft/src","1"
"EntitySlime","lr","EntityLiving","net/minecraft/src","1"
"Packet21PickupSpawn","hj","Packet","net/minecraft/src","1"
"BlockRedstoneWire","ki","Block","net/minecraft/src","1"
"WorldChunkManagerHell","ed","WorldChunkManager","net/minecraft/src","1"
"Packet3Chat","ik","Packet","net/minecraft/src","1"
"EntityFallingSand","fq","Entity","net/minecraft/src","1"
"ItemLog","dv","ItemBlock","net/minecraft/src","1"
"CraftingManager","ei","","net/minecraft/src","1"
"NetworkListenThread","ci","","net/minecraft/src","1"
"ISaveFormat","hp","","net/minecraft/src","1"
"BlockGravel","hk","BlockSand","net/minecraft/src","1"
"CraftingInventoryPlayerCB","m","CraftingInventoryCB","net/minecraft/src","1"
"Chunk","gn","","net/minecraft/src","1"
"BlockJukeBox","df","Block","net/minecraft/src","1"
"EntityTracker","mb","","net/minecraft/src","1"
"PacketCounter","hv","","net/minecraft/src","1"
"HashEntry","mt","","net/minecraft/src","1"
"ChunkPosition","mp","","net/minecraft/src","1"
"ItemAxe","kr","ItemTool","net/minecraft/src","1"
"ChunkLoader","kz","","net/minecraft/src","1"
"ItemEgg","hc","Item","net/minecraft/src","1"
"WorldGenTaiga1","is","WorldGenerator","net/minecraft/src","1"
"ConsoleLogFormatter","mu","","net/minecraft/src","1"
"EntitySnowball","av","Entity","net/minecraft/src","1"
"ItemFishingRod","bl","Item","net/minecraft/src","1"
"TileEntityFurnace","kg","TileEntity","net/minecraft/src","1"
"Packet38","fi","Packet","net/minecraft/src","1"
"PathPoint","c","","net/minecraft/src","1"
"BlockCrops","hn","BlockFlower","net/minecraft/src","1"
"ChunkCache","cr","","net/minecraft/src","1"
"ItemArmor","ml","Item","net/minecraft/src","1"
"Packet11PlayerPosition","t","Packet10Flying","net/minecraft/src","1"
"NBTTagByteArray","ek","NBTBase","net/minecraft/src","1"
"IAnimals","s","","net/minecraft/src","1"
"NetLoginHandler","dq","NetHandler","net/minecraft/src","1"
"GuiLogFormatter","er","","net/minecraft/src","1"
"Packet255KickDisconnect","oh","Packet","net/minecraft/src","1"
"ServerGuiFocusAdapter","q","","net/minecraft/src","1"
"Packet32EntityLook","kb","Packet30Entity","net/minecraft/src","1"
"TileEntityDispenser","ae","TileEntity","net/minecraft/src","1"
"BlockRedstoneRepeater","mv","Block","net/minecraft/src","1"
"NoiseGeneratorOctaves","li","NoiseGenerator","net/minecraft/src","1"
"Packet33RelEntityMoveLook","it","Packet30Entity","net/minecraft/src","1"
"ItemSlab","cl","ItemBlock","net/minecraft/src","1"
"AchievementList","cn","","net/minecraft/src","1"
"Slot","dw","","net/minecraft/src","1"
"Packet5PlayerInventory","j","Packet","net/minecraft/src","1"
"NoiseGeneratorPerlin","y","NoiseGenerator","net/minecraft/src","1"
"MinecraftServer","MinecraftServer","","net/minecraft/server","1"
